antecedent,consequent,support,confidence,lift
{1 18 30},{14},0.181,0.804,1.122
{48 18 19},{14},0.161,0.802,1.119
{18 34 30},{14},0.216,0.801,1.117
{48 18 30},{14},0.165,0.805,1.123
{18 26 30},{14},0.145,0.81,1.13
{18 34 44},{14},0.151,0.805,1.123
{18 26 34},{14},0.163,0.807,1.126
{18 12 34},{14},0.152,0.813,1.134
{34 12 14},{18},0.152,0.809,1.147
{16 18 48},{14},0.147,0.8,1.116
